OBJECTID,Name,Latitude,Longitude,PIC_URL
1,Wheaton River Cabin,60.28628,-135.002728,https://lh3.googleusercontent.com/pw/AL9nZEVvt3cTQR23sZOOpks1dc_DDJVuut553jLRgxyenGoPGYKJo0iLi_0O4bUVQLoyqVzZBbUojt4IygyV3YR4h9BFA56NVkE-saD7dgxdhOyBOi8FAt42ZXynPjp4oKLrxI1YcQIh_s7lkFKBuigBQzXqZw=w703-h937-no?authuser=0
2,Otter Island Cabin,61.261265,-133.21125,https://lh3.googleusercontent.com/pw/AL9nZEXTtZPSg9gUbz0Zo0dd6VZ2VlfpM7rDUy4ZqLQ2Ztmi78C-gRvELThxAFnMvDGapjI5NgTzZJwRlcC6umM9zGfQe1zMFkIFcL-peesn8APzaZ3V4wnFAJZlUZJdM0ZtHuKJsocCLkKtMH7UKzVAYf88wQ=w1250-h937-no?authuser=0
3,Kluane Cabin,60.583197,-137.205688,https://lh3.googleusercontent.com/pw/AL9nZEW4xc-rvtztO7HJ9KmSK6sTkp91SQQWPWi4-vffSeJsgI5-yH_ozuwq18cq4D87RVEVk3y6bTsnz6jQk_BYEkd5DqaVXDIK7Hr3YvVlhDSa4Ket3S8q0YOKHsP6vHWwmGc6fWko4cb4z3ztDIoUoFfHag=w703-h937-no?authuser=0
4,Dalayee Lake Cabin,60.374676,-133.619159,https://lh3.googleusercontent.com/pw/AL9nZEXLsZR65OQmsiCJtdFmXuhKPOcjRZ1A5exO8WLOsswHoAdbkNQEamzqieje31SZpH6jgkDQuSgufzDGP87UgXnIoW8YbJXNP_y4SXCGTE5vUzWZOsrBkyr_Z-lxVuqLyhH-_lm_Y39YnR0OkOSWTvkgvA=w703-h937-no?authuser=0
5,Little Salmon Lake Cabin,62.204173,-134.790357,https://lh3.googleusercontent.com/pw/AL9nZEVcYCOZs2RY7FO05NCp6Swd_zdQRSsP5xWYhf_RziVprrWMTlZXMgD44yNGTSOECeKI89t1tJEgtut91yLBOsxKlw0mcOPCbrk7GjRM6y7wjh0uL5ze2Kh9OHehYoFXtt9xsMyDd9u45-zjoqo9BsBu-w=w384-h512-no?authuser=0
6,Whitehouse Cabins - Wall Tent,64.06894,-139.4243,https://lh3.googleusercontent.com/pw/AL9nZEWlA7V3XPzjd6ASUOn_ElokHrvjSSwxdl6SNxPvu1_cTDDDkBf4nYpJvvmf5ScZ77KihF9GkWGrPE-D78PuqLRXApa_Km14X15I22S0o0cYONeuFuHZBd7IB96BA6QCJJYOTqZNGhN-OoSD3UuksgKJCw=w1250-h937-no?authuser=0
7,Upper Dewey Lake Cabin,59.44387,-135.268448,https://lh3.googleusercontent.com/pw/AMWts8Auiw5oeMu0scYt1j6RIptqkaWhE3A2HKB06tLONuKr1bUwE_uGyASpdOtzA_tLAl7lZ8guwUBZ49qSIau7F0yH8A50kmqVN1jBG88ED2ihyHBcx6JbuHJpRB22SkL5lfHcdHvVjUp_34vElw7W7sZAXA=w1250-h937-no?authuser=0
8, Annie Lake Cabin,60.33093,-134.99133,https://lh3.googleusercontent.com/pw/AP1GczPsF720FEiGL-mWREgbnqp2sY8Yp830MGjSIQs2f2uCnIZ5hIXQ6b6qzny63gOczMOrLPEX-mANN4lRx6qPfMBCbbwIPZy1XaGujQxq0lHgevaKAu3sPFqPLhrvaGbt3QBm5Z-xQL9xlGXCwbMYlVRnpQ=w2200-h1239-s-no-gm?authuser=0
9,Excell Creek Cabin,62.14134,-132.99075,https://lh3.googleusercontent.com/pw/AP1GczNrWGds21LqH7IdX9_SczCtJWYfkH-wcwaDtyIYTyTQeWs0hmmuznMUx-qzfPy4WJqolBFJwdFECfM8wpXRQWcQj5jw4ZoyKCWacrZM2DKOeb1506i-nxZOKgsrPao0oV6Yf7CyaKPA0EAlwiE6brzo4A=w959-h1279-s-no-gm?authuser=0
10,Pelly Cabin,62.06667,-132.73110,https://lh3.googleusercontent.com/pw/AP1GczO8wveR86bhrE9pRPeQrplEwX2tb6jpcVdvAkjjJEcGWfFxNGnCFZDhOQrnkcuA44fg4xm48UcwjQ2rp1yqymc8UIR2Gb1O-Y16nO7x4SYuh-skSJUdtwlJD8OmAWF_RsubkYu2Amxi5PJAqnSYP-J6cA=w1705-h1279-s-no-gm?authuser=0
11,Lapie Cabin,62.03599,-132.58631,https://lh3.googleusercontent.com/pw/AP1GczPCjmpMSaGLib9WIOrCZuUZB4ObGDyG9vnCTeClcn8wmeSRnY3P-xkYP_JyAYDJ0riSOTAHuFdcmDohLSQpDcv1D05cDoHq8PjZKOPtiLzp5DPzJeJBt7igZai-lwbqb20A1HOs1Qykf7jameYPaudhSA=w1705-h1279-s-no-gm?authuser=0
12, Little Atlin Lodge,60.280588,-133.968590,https://lh3.googleusercontent.com/pw/AP1GczODeVd2hb67643tL-mgKgP7yGeOrsWxbQdLev3ySMZxfSzdepfAVA_I--pIS26BVBUxIEdiYq7uIxSsJSXd4DReTp8X6p6bK7EKPK3tHQ7bM_rzAFN2geRGwmJ8_iOktxMYcTvZKpGlAqZH2Kw3JYBdRw=w1705-h1279-s-no-gm?authuser=0
