OBJECTID *,Name,Description,Map,WEBSITE,Latitude,Longitude,PIC_URL
1,Aishihik Lake,"Aishihik is a misspelling of the Southern Tutchone word Äshèyi, which refers to the village site “at the head of the lake, base of the mountains, where the ranges meet.” The lake is also called Män Shäw* for “big lake.” The Aishihik bison herd was re-introduced to this area in the 1980s. Look for tracks and scat along the roadside. This long lake is popular for fishing, but beware of strong winds and waves. Check for road conditions and exercise caution on the narrow gravel road.",https://yukon.ca/sites/yukon.ca/files/env/env-aishihik-lake-campground.pdf,https://yukon.ca/en/outdoor-recreation-and-wildlife/camping/site/aishihik-lake,61.197,-136.995,https://lh3.googleusercontent.com/pw/ADCreHcI1Arebumj0k_UTRK-vpqPNg_YqrFR_LK7rIOBq7ZTZYHSaKCJrRSrw3TUeDbWuWUBx0-1vc6w07VlbmIyTf2p8N4MCoS_rK5bRo17ogFrTctRVTLSEKTmSI1B5ahhmYHGy7V15hK4KFua2VW7xtlzoA=w1560-h460-s-no?authuser=0
2,Tatchun Lake,"With many small bays, islands, and shoreline vegetation, Tatchän Män* is an interesting place to paddle. The dock at the campground is accessible by foot, whereas the boat launch is two kilometres away on Frenchman Road. Ancient camps on both lakes are still used today by the Little Salmon/Carmacks First Nation to fish whitefish, trap beaver and hunt caribou and moose.",https://yukon.ca/sites/yukon.ca/files/env/env-tatchun-lake-campground.pdf,https://yukon.ca/en/outdoor-recreation-and-wildlife/camping/site/tatchun-lake,62.299,-136.139,https://lh3.googleusercontent.com/pw/AL9nZEWoDbo_jaS4cH35CG4Ub3LdxyPkqCSJbF-AmdcZWfCTxFlsDUm9sumCkeONWBqcDAeJsyJR5sr5ofXLFFR9PfDZQ0lRSxwp9EIvuhu30KTmeQFheG-ajNGkt5wzkxQTTUTzJmMrp51sEpGKS8T_FbJf=w1249-h937-no?authuser=0
3,Snafu Lake,"The Snafu-Tarfu lake system is popular among Yukon residents for canoe trips. The small bays, islands and peninsulas make the lakes friendly for children and beginners. Check for special fishing restrictions at these lakes that help protect sensitive lake trout populations. Snafu is a military acronym for “Situation Normal — All ‘Fouled’ Up.” Both the Snafu and Tarfu campgrounds were former forest fire crew camps in the late 1950s. The U.S. army spent nearly half a million dollars to construct the camps, which were dismantled after the road’s completion.",https://yukon.ca/sites/yukon.ca/files/env/env-snafu-lake-campground.pdf,https://yukon.ca/en/outdoor-recreation-and-wildlife/camping/site/snafu-lake,60.133979,-133.809416,https://lh3.googleusercontent.com/pw/ADCreHfIPTVNxIpj6n_PYv-K0aT1iRCoLEap0AYaTnwQjHfGxkHqCP8yGnjGjHiieh_5Nh99DSjwRv3nlN62iZ0P1q_T9xgjqTWKhsKr73aRjEvrCVuy7dIu7pc8JmrLI4Eqp1s9JXfkiafW3LqQjrzn14n5wQ=w698-h931-s-no?authuser=0
4,Yukon River,"This popular campground, across the river from Dawson City, is the largest in Yukon. It is enjoyed by residents and visitors for its proximity to town and access to a beach and the sternwheeler graveyard. The campground is accessible via a free ride on the George Black Ferry from mid-May to mid-October. From the viewing deck overlooking the Yukon River, look for peregrine falcons. The campground is especially busy during the Dawson City Music Festival in late July.",https://yukon.ca/sites/yukon.ca/files/env/env-yukon-river-campground.pdf,https://yukon.ca/en/outdoor-recreation-and-wildlife/camping/site/yukon-river,64.072,-139.439,https://lh3.googleusercontent.com/pw/AL9nZEWQdIYqdoRnZ9oJBDm5-fyWpLeaEh-N7XydCw6bb4TCRp6RwHWxgph-zogPQ_DSk6jSaTKf_KNPkdKjjLwunfFKxVNg5i2fbs99oJ8blz4KIVSKU3VLi4BmEXI8Xv4IWu8D4Vn-c0HI6-heZPsD_Jua=w1250-h937-no?authuser=0
5,Dezadeash Lake,"Those pitching a tent should secure it well as this spot is known for its high winds. Popular for lake trout fishing, Dezadeash is also one of Yukon’s warmer lakes due to its shallowness. Various migratory birds stage here on their spring journey. The name Dáas’ediyaash* is of Tlingit origin. The lake’s Southern Tutchone name, Titl’àt Män*, “end of lake,” refers to its position at the head of the drainage system.",https://yukon.ca/sites/yukon.ca/files/env/env-dezadeash-lake-campground.pdf,https://yukon.ca/en/outdoor-recreation-and-wildlife/camping/site/dezadeash-lake,60.398,-137.047,https://lh3.googleusercontent.com/pw/ADCreHe5q7NBfNewN2ApgJvLR5WvLYockla64VUZejbFUPkYpg7jlRJzKvmntLL-XXTJE6iv5iG2Uvtjanw-khepY4LKKTJ2Q6CWcuEyXQAQiOlD08k42Bnn0nYYruxU-xKjQeSZHr3zgJ3CH37gh-VmTm8I9g=w1241-h931-s-no?authuser=0
6,Conrad,"Yukon’s newest campground is located on Tagish Lake’s Windy Arm, about 16 km south of Carcross. Several sites overlook the lake, and the campground offers a new playground, viewing scope and walk-in sites. Explore the adjacent Conrad Historic Site, where the small town of Conrad City supported the Venus silver mine in the early 1900s. The campground is also a base for nearby hikes. The Sam McGee Trail was named after the man made famous by Robert Service's poetry, who also built the first road from Carcross to the mine’s tramway. Also called the Mountain Hero Trail, it connects with the rest of Carcross's famous mountain bike trail system.",https://yukon.ca/sites/yukon.ca/files/env/env-conrad-campground.pdf,https://yukon.ca/en/outdoor-recreation-and-wildlife/camping/site/conrad,60.063,-134.56105,https://lh3.googleusercontent.com/pw/AL9nZEVIKGsOaMIZXggGIQ7gdbS69O7eV81UVv5AFZqDjwTLBSQLzzL8AwSqiido3l92MNMO-2QzLow3WBrZl6wgyVnXQKPR65SRPn1n9eVkN5BUV8ssgIjXfYiMfR_sYcST5Kc4C7uovSJGoZsp2u4142PF=w703-h937-no?authuser=0
7,Moose Creek,"An interpretive trail heads to the Stewart River along Moose Creek, through open forest to willows on the floodplain. Look for old spruce trees along the ridge. Both the river and creek have popular fishing holes. Be bear aware. The small ponds in the area mean mosquitoes are common in the summer, attracting birds such as the northern waterthrush, Wilson's warbler and common yellowthroat.",https://yukon.ca/sites/yukon.ca/files/env/env-moose-creek-campground.pdf,https://yukon.ca/en/outdoor-recreation-and-wildlife/camping/site/moose-creek,63.509,-137.026,https://lh3.googleusercontent.com/pw/AL9nZEXaAW0u7syLIAmpxrSYSUtWezEDJwzm2pT4GZRLnl3cJEaCqTvahcXB0w_IUp2EG0Opqhk2SVyDtEGxPl_7iNwS62SmbjfSUeSs5cfPol8Vj_fEfRMLwzhd_OoCiTR7uTW9GbsjqBwWSXOCES1XfgSM=w703-h937-no?authuser=0
8,Tombstone,"The campground is often used as a base for travellers heading up the Dempster Highway or into Tombstone Territorial Park. Plan to arrive early as it usually  lls up quickly. A short foot trail connects the campground to the Tombstone Interpretive Centre (open seven days per week from late May to mid-September), which offers free interpretive walks, talks, and special events. Check the schedule posted and online. Several hiking trails begin at or near the campground. A one-kilometre, wheelchair-accessible interpretive trail leads from the centre to a beaver pond. Another trail loops from the campground, introducing you to the tundra. A third trail continues along the banks of the North Klondike River. For more information on day-hikes and routes throughout the park, visit yukonparks.ca and pick up a copy of the brochure A Guide to Tombstone Territorial Park",https://yukon.ca/sites/yukon.ca/files/env/env-tombstone-mountain-campground.pdf,https://yukon.ca/en/outdoor-recreation-and-wildlife/camping/site/tombstone-mountain,64.507,-138.221,https://lh3.googleusercontent.com/pw/ADCreHc3OA8L4ZNKPD5_fgdfbaAINqWspUwCAe5dMcJmkrn6j4ZGCx8Vwhldi-ZizVcEyMuAj01A8FVXpdQ5rOWHiVkdedfYbofTVXFqkde5x5J50EkxFMmF50q-YIrzAoEWkL5EZ-Q69hHbFSa7BSJ7uhEkTA=w698-h931-s-no?authuser=0
9,Kusawa Lake,"The lower Takhini River begins at Kusawa Lake, and many kayakers and canoeists launch their river journey at the campground. Kusawa Lake is popular for boating, fishing and hiking in the nearby mountains, but beware of high winds and waves. With binoculars, you may see Dall’s sheep on the mountains. If you plan to camp here on a long weekend, have a back-up plan in case the campground is full.",https://yukon.ca/sites/yukon.ca/files/env/env-kusawa-lake-campground.pdf,https://yukon.ca/en/outdoor-recreation-and-wildlife/camping/site/kusawa-lake,60.585,-136.146,https://lh3.googleusercontent.com/pw/AL9nZEXmBkLlqXTxxtguTqPokmopWghl-r5ZSAy3G0yqnoYHL-wMbyKCQPucQrO3z5TqqICBG675e3SD_68CLrAp3_SsrJ1MfVvacbB3tJghPFH6g-AzOXo-UFz9Z3Zjq7o7cKEJ0LvWboq3CUlECZUa_0GT0Q=w703-h937-no?authuser=0
10,Wolf Creek,"Situated in an old white spruce forest near Whitehorse, this campground is often busy with travellers and residents. Check the website for seasonal trends and consider a back-up option. The three-kilometre interpreted Yukon River Trail begins at the campground and passes through the boreal forest to a scenic view of the river. This section is wheelchair-accessible. The loop returns along Wolf Creek, where Chinook salmon spawn in late summer and early autumn. Visit the salmon fishway and interpretive site at the campground entrance. This is also a great place to spot forest birds. The shorter Escarpment Trail climbs to a sage and aspen-covered overlook of the Wolf Creek valley. Two cook shelters are available while the day-use area offers a playground, benches, picnic tables and fire pits for the whole family.",https://yukon.ca/sites/yukon.ca/files/env/env-wolf-creek-campground.pdf,https://yukon.ca/en/outdoor-recreation-and-wildlife/camping/site/wolf-creek,60.607,-134.943,https://lh3.googleusercontent.com/pw/AL9nZEVlQ53V5Py7DWfJ3nIPZTLWEH0kG04rTUdW6Rd7nLzSA9gC7I57YgxeYCwC3cW210mNkZqQ1B3Bdr9v-tOQE8YKx0RnO1izyg-2H9oM_0j-Dl58A50nTpoMDrS8wRoyQKipz8URTgWq8uPH1h18p_mtRQ=w1600-h720-no?authuser=0
11,Teslin Camp 1,,,,60.64,-133.559,
12,Teslin Camp 2,,,,60.943,-134.073,https://lh3.googleusercontent.com/pw/AL9nZEWDYJBP13OTNwvWdNqeo5qtBUBn2n2AlaqW4C8OAl-84sqqyjDb88aQBxwyPMay9m6NWkYebudPBD02rlhl97e_WLUuuMGguTsI5WdC2cQbPEEq90l2LRIOxksdwDkH_1BStMQWv0covTzrPN0l_a_yrQ=w1600-h721-no?authuser=0
13,Teslin Camp 3,,,,61.237,-134.554,TeslinCamp3.mp4
14,Hootalinqua,"The name Hootalinqua is from the Northern Tutchone word Hudinlin, meaning ""running against the mountain."" Hootalinqua was a popular gathering site for trade and visiting between the Tlingit, Southern Tutchone and Northern Tutchone people. Many First Nation families, hunted, fished and trapped in this area. They travelled on the river by watercraft in the summer and by foot and dogteam in the winter. In the early 1900s, First Nation families lived along the Thirty Mile stretch of the Yukon River and on the Teslin River, prospecting and cutting wood for the sternwheelers.",,https://yukon.ca/en/outdoor-recreation-and-wildlife/camping/site/thirty-mile-hootalinqua-campground,61.585,-134.904,https://lh3.googleusercontent.com/pw/AL9nZEVSmyQp_4AZ-hGV65omll5IasdjEXZttTahYC9YG2U55cGMtHdV1H_4odiIpUsnGzZaXpjeGklKDBt35nZBCrPMgl1KX2hlZWpNQF_rFThBXME_a4RhEnODdA_ZMVQMza4b61Y4IvwATeHjL4-9C5nU0g=w1250-h937-no?authuser=0
15,Teslin Camp 5,,,,62.0397,-135.537,https://lh3.googleusercontent.com/pw/AL9nZEXz25oczUInCH3OtbySo83szMb67wX-AAW1PPrxHXhuE1YRkZ5nMNcxAQ4_tXmoNy-EY7LNmcy6SDs7fyk6Ig-lEDuvBfjWz-oOBjJYym82HpGXPabpqhhENCKJ8SxVKIiJMY2KK0exaye97iE6nL4_0A=w422-h937-no?authuser=0
16,Congdon Creek,"Due to the high grizzly bear use of the are, tenting is only allowed inside the electric fence. The Southern Tutchone and official alternate name for the creek, Khär Shän Nji, means “big roots broken down,” recalling flash floods that occurred long ago. A 500 m interpretive trail beginning at the campground leads along the shoreline of ?ù’àn Män (Kluane Lake), Yukon’s largest lake. Make noise and bring your bear spray!",https://yukon.ca/sites/yukon.ca/files/env/env-congdon-creek-campground.pdf,https://yukon.ca/en/outdoor-recreation-and-wildlife/camping/site/congdon-creek,61.15,-138.557,https://lh3.googleusercontent.com/pw/AL9nZEXVs-nTUQVczb1DTbkPFBqLBQRpGwXsQY1oYhQWL46TQMs_gouCwDoi50m8lf5_0eJ9EHEyaq9jpsFBJy3vvEGPX8zWibNotrJkflIVTKQ6_3bYgBm2dhEF1OrBOqYS0bZFcbpGeh0olZ_kfBzmzYkLZw=w1600-h720-no?authuser=0
17,Million Dollar Falls,"A carefully crafted boardwalk leads to a lookout where visitors can watch the Takhanne River drop from a height of 60 metres. Million Dollar Falls is also the endpoint of the Chinook salmon upstream spawning run, which occurs in July. The name originates with a lavish U.S. army maintenance camp that was constructed here in the 1940s during the building of the Haines Road and Haines-to-Fairbanks pipeline, complete with barracks, officers' quarters and a 21-toilet bathing room. Rumour spread that the camp cost a million dollars to build, but it was never actually used.",https://yukon.ca/sites/yukon.ca/files/env/env-million-dollar-falls-campground.pdf,https://yukon.ca/en/outdoor-recreation-and-wildlife/camping/site/million-dollar-falls,60.108,-136.942,https://lh3.googleusercontent.com/pw/AL9nZEVmoQdBDfcJGo266JUN3eldWawqdo6ofn3KrE9YhZsOIYGSYZeu7RvCUeTInSOnDH4kP3Qr_4BClChnpFiYolzOrO0EMG6vIWF3UPgJYjAgLX59_S62quYVwOFZpuog1Pp08uwFp4RbTr4c7U8JUlHMEQ=w422-h937-no?authuser=0
18,St. Elias Lake,,https://pcweb.azureedge.net/-/media/pn-np/yt/kluane/WET4/activ/Hiking/Trails-and-routes/St-Elias-Lake/St-Elias-Lake_carte-map.jpg,https://www.pc.gc.ca/en/pn-np/yt/kluane/activ/randonnee-hiking/st-elias,60.318,-137.103,https://lh3.googleusercontent.com/pw/AL9nZEUJzI9jGoNJuQni-G6wZHVD3gqngSBrhI_TE3GBcnKoZ3tey0oBVaD6vsIlVlMnHXaUIUgIVvZ2vQRboYviTlorxdcBUlBjftw8WUEkom8LU05_JNtL6lwDtSPF0nOJaNeret32zz9F8_VjeIDITMSt_Q=w1250-h937-no?authuser=0
19,Grizzly Lake,,https://yukon.ca/sites/yukon.ca/files/env/env-planning-trip-tombstone.pdf#page=35,https://yukon.ca/en/outdoor-recreation-and-wildlife/camping/site/tombstone-territorial-park-grizzly-lake-campground,64.427,-138.46,https://lh3.googleusercontent.com/pw/AL9nZEVQzHsrVjC7585S5KOd9Ii4QCRVleLki6Y23ic4OXH8hqZskg-RumN-Wc2uNuoY1WdBgc8qVXREQGlAynsDajngpwsUmmlqYsqaY5Zjq9uY61kZSGFfC1-tJDqaceQrqqXoBvyqp9H6Hc765MYUsV_xzA=w1250-h937-no?authuser=0
20,Divide Lake,,https://yukon.ca/sites/yukon.ca/files/env/env-planning-trip-tombstone.pdf#page=35,https://yukon.ca/en/outdoor-recreation-and-wildlife/camping/site/tombstone-territorial-park-divide-lake-campground,64.453,-138.49,https://lh3.googleusercontent.com/pw/AL9nZEUbjn_RqGMiwBITmT8qTxYYG_1F2UHe9oqFLk6HBTcFK4-BKKYL93U_Aau5YckZJBqxlNyEZJb6_hL-QKKN4tZM6Wxlq_zqVHKIaIuiZRIrBcT_To5VMSJ1Kr8rMZAYBdY6pzJJJ5Xr1xRmwmD-nD_JRg=w1600-h929-no?authuser=0
21,Watson Lake,This campground lies on the south shore of Watson Lake. It is an ideal spot for weekend family camping and for visitors to the community of Watson Lake. There are two camping areas and a day-use area.,https://yukon.ca/sites/yukon.ca/files/env/env-watson-lake-campground.pdf,https://yukon.ca/en/outdoor-recreation-and-wildlife/camping/site/watson-lake,60.071,-128.818,https://lh3.googleusercontent.com/pw/AL9nZEX4_2bXR7JoGELNNjgbFMGyizusyiQE7npLIIudzV1UoW3_HjZx5dNzJI8rAQVZeVb2-5mc-8eeqdSzs4TXs_NlOexswAhWtxpZcLkQvUU6SaoycsaH5rl3-QIYty97LxUr5eirH78srvQgAqg2_StKnA=w422-h937-no?authuser=0
22,MacDonald Campground,,https://bcparks.ca/explore/parkpgs/muncho_lk/muncho_lake.pdf,https://bcparks.ca/explore/parkpgs/muncho_lk/muncho_lk_broch.pdf,59.02,-125.773,https://lh3.googleusercontent.com/pw/AL9nZEV59eJ-dRWej_kfGhFHnmeBr5w90NGxJ6kGNBY8_EJ5hNtYGX589bjvjGnkBAiabGDTe2lK2mYeoK2Tz3tAX83FDEFYmvgG5pjdYz0LQ-mVfMFLDk6t_THqHMVN2F9PmDVs0EEhSIcuAmNj4stCwygaEg=w1250-h937-no?authuser=0
23,Fox Lake,"Close to the highway, this campground provides ready access to Fox Lake, a favourite for boaters. The sheltered bay at the south end of the lake makes for a great canoeing spot. Muskrats are a common sight as they feed on aquatic vegetation.",https://yukon.ca/sites/yukon.ca/files/env/env-fox-lake-campground.pdf,https://yukon.ca/en/outdoor-recreation-and-wildlife/camping/site/fox-lake,61.248,-135.459,https://lh3.googleusercontent.com/pw/AL9nZEVcIj-OhsHoZKSlwAwEm7Q_a5tG745HSqlTWr4e8nMO0-azgsFHRZGnBejVX9nWm-_mWNMJeswWoSmiEo4FFBx1utqsUVm_KKuF66bYHytRTpRaOdId_ypDRPHlD_kjd8QDsZFfFbU6MXeApl1LxKRVJg=w703-h937-no?authuser=0
24,Marsh Lake,"A popular beach in summer, Marsh Lake Campground has two loops with many sites adjacent to the lake. M'Clintock Bay is an important rest stop for thousands of trumpeter swans and other waterbirds on their spring migration. Visit the nearby Swan Haven Interpretive Centre during the month of April.",https://yukon.ca/sites/yukon.ca/files/env/env-marsh-lake-campground.pdf,https://yukon.ca/en/outdoor-recreation-and-wildlife/camping/site/marsh-lake,60.561,-134.448,MarshLake.mp4
25,Pine Creek,,https://www.for.gov.bc.ca/ftp/DCO/external/!publish/RecSitesTrails/SIGN_MAKER_RESOURCES/Brouchure_Examples/Atlin%2032%20x%2036%20sign%20no%20lines.pdf,,59.56,-133.67,https://lh3.googleusercontent.com/pw/ADCreHdDGqZ9ZkzGr_kQVjOnt4DRVStIA5UA15SVbbK4ACNG5pxh51hGOBPSmw2pm3fJpXnToAOcZOrF2E96G5Nsd7r24yM97ITe89wqNDs899dD0hvpBT1hALM_mCQtodvVu1Wu3A-s1BxB2nYi8N9Vn47UEw=w1241-h931-s-no?authuser=0
26,Alsek Valley,,https://pcweb.azureedge.net/-/media/pn-np/yt/kluane/WET4/activ/Hiking/Trails-and-routes/Alsek/alsek-valley_carte-map.jpg,https://www.pc.gc.ca/en/pn-np/yt/kluane/activ/randonnee-hiking/alsek,60.668,-137.863,https://lh3.googleusercontent.com/pw/AL9nZEWklTSn8PWffB6i9cpgHlrOC3OTXmTy69wroa0QKgbgQH69UCLKzl5SJTNcUmkc_Xe3RcqDAndgu5xOTdVlvq4P8KmBDoOuyvCvaveSXrvMZdKipDimU9B6hrsIwVdYG0DCpagkdgqmNErAxp3S1sR5nA=w703-h937-no?authuser=0
27,Egg Island,,,,60.861,-135.185,https://lh3.googleusercontent.com/pw/AL9nZEUJP4YPSmawsfEVwBkDy-g2BuuGHjmqbPyb9mKQy1Dn1mBXgG1Te1rpEg7Ql7J5J2cPKVrBlur6VG7LYTT1qbbIsEzDY1gtrTcynyugWmJvup3QtL3H3B4H6HwGl-2xFf6oW-hqhAbw4N-Qv2JafQ-3ww=w472-h937-no?authuser=0
28,Frenchman Lake,"This small, cozy campground offers good access to Frenchman Lake for boating and swimming from the dock. Check for road conditions before you go, and drive carefully on this winding gravel road, especially after rain.",https://yukon.ca/sites/yukon.ca/files/env/env-frenchman-lake-campground.pdf,https://yukon.ca/en/outdoor-recreation-and-wildlife/camping/site/frenchman-lake,62.118,-135.698,https://lh3.googleusercontent.com/pw/AL9nZEX0M_60rWKaFWMkNsWrWn7OzYq2T90LKlPNGZLT2h4dXfKgp0HzWqBjzdy17azzKDMzcevna_qnRyOBBMlKaO7jVLWUz0WBnLjIbrZafdtV67bzqMzzf71ivw7E2Avqmvmh18cjjeMftvLc0IflkVLqFw=w703-h937-no?authuser=0
29,Nunatuk,"From the Inuktitut word nunataq, Nunatuk refers to a mountain peak surrounded by a glacier. This campground provides good boat access to Frenchman Lake and a mix of sites in the forest and along the lake.",https://yukon.ca/sites/yukon.ca/files/env/env-nunatuk-campground.pdf,https://yukon.ca/en/outdoor-recreation-and-wildlife/camping/site/nunatuk,62.164,-135.799,https://lh3.googleusercontent.com/pw/AL9nZEUDHi6c2x7ZE8-yQlfr19xQNUNYfVz0eEaXD7kpjTod0zkBpdMneh6E7IzAVGGlB4hbxBSD95w2cdLwzHGa9mLKlqwuGLUgKUamuDaVuPPwMk9sA10o4jjoAcqCbIUAPns96pOzXuqvyb4iSp6rwVffQg=w422-h937-no?authuser=0
30,Chilkat State Park,,http://dnr.alaska.gov/parks/maps/chilkatsp.pdf,http://dnr.alaska.gov/parks/aspunits/southeast/chilkatsp.htm,59.1447,-135.375,https://lh3.googleusercontent.com/pw/AL9nZEUkyrYSg3pkgl3efPad-pAry2GQhWnuTTWPcU790Kg3ukeavDYXLy-qtvgk9d8YtzRBbm-rOY7DkiWqRBsH3KcWovDvOzIAmLhWsXht4L6gcr_96LS71U_D32-rp70IM9ixQlttJj5vd6vl0EYKWH8CUg=w1250-h937-no?authuser=0
31,Pine Lake,"This popular campground and day-use area, close to Haines Junction, provides an excellent view of the Kluane and St. Elias Mountains. The Southern Tutchone name is Tsí Män, “red ochre lake,” referring to the crumbly red rock seen on Paint Mountain across the lake. There is a sandy beach with a swimming platform and a short interpretive trail and wheelchair-accessible boardwalk along the lake.",https://yukon.ca/sites/yukon.ca/files/env/env-pine-lake-campground.pdf,https://yukon.ca/en/outdoor-recreation-and-wildlife/camping/site/pine-lake,60.799,-137.489,https://lh3.googleusercontent.com/pw/AL9nZEUE1rYkazgzJGo_hl03C_pp5U3ukgej9CPWS3C2tGhRla8cIpYd4H20LghfnAgT8czngnn8ZsOBTKTibvHVCwktPs8eD4QDdIYIZaLO_cNE9__Zr_Pd2IW8A2gxK7-B5jLQWE5omss3aDhctpmQ1h4YBg=w1250-h937-no?authuser=0
32,Summit Creek,,,,59.668,-135.113,https://lh3.googleusercontent.com/pw/AL9nZEXVbA5G5LyaIOwICdvwt1OvxuV1PfhjcT40nYfoKqsiqfCVutBDDJ4AEv_B3rY7qPtx5z2-QRPEwkYn13kDDJoYlyOIpN9nudpcb95UsgETM6vCFon21obyCwhWEHJzYFBt5gDPTISS6uG42if2VqtXQA=w703-h937-no?authuser=0
33,Auroa Mine Site,,,,60.043,-134.684,https://lh3.googleusercontent.com/pw/AL9nZEXZRzTDiAkRRuepAxYAFaw8R--TVv_StBpFyWpDm9JQ0SoiIiuJ7-8B54_KepxJoTOI6Ce3galh6muBEzGZ5uZyYKC2fU5G2DjndXl3ZsruJbWyzj9PbxgYQeJ0tKR-NElQqSb7jdnBGfQdpRmrdBbtJA=w1250-h937-no?authuser=0
34,Quiet Lake South,"This beautiful campground sits in a quiet forest of lodgepole pine and white spruce. Good access to the water makes this a great place to go boating. The open forest and rocky area provides a natural playground for kids. Look for American mink, moose, coyote and songbirds on the shore. The lake’s Tlingit and Northern Tutchone names (Kìt Den Â and Chu L?) refer to its high location as a headwater.",https://yukon.ca/sites/yukon.ca/files/env/env-quiet-lake-south-campground.pdf,https://yukon.ca/en/outdoor-recreation-and-wildlife/camping/site/quiet-lake-south,61.059,-133.027,
35,Sturgill's Landing,,,,59.4222,-135.3396,https://lh3.googleusercontent.com/pw/AJFCJaUvWpQQYmWFZFGj2dl6tJsoGtK-rQ1bwnW-p3zozi8U1iX1XEjC99mRu3aipjuwDjZTRFsFG_cYUtWGItfh0j3K2AFh8ji8nePE-8N8ARQ58r9nSoayLqDwfw3jKbqiPtOAv8zD1oaxCe6tjSbXvOP2CA=w703-h937-s-no?authuser=0
36,Twin Lakes,"Surrounded by open aspen forest, the campground includes several sites that look out over the lake. The quiet lake is a great place to canoe, kayak, swim or fish. Hearing a loon call on a misty morning can be magical. There are several trails in the area.",https://yukon.ca/sites/yukon.ca/files/env/env-twin-lakes-campground.pdf,https://yukon.ca/en/outdoor-recreation-and-wildlife/camping/site/twin-lakes,61.705,-135.936,
37,Five Mile Lake,"The water in the nearby lake is warmer than most in Yukon, making it a popular swimming hole. The campground and nearby recreation site are situated on the lakefront under a dense cover of black and white spruce and willow. An easy five-kilometre trail jogs around the lake and connects the two sites. Many campers make a trip to Keno from here.",https://yukon.ca/sites/yukon.ca/files/env/env-five-mile-lake-campground_1.pdf,https://yukon.ca/en/outdoor-recreation-and-wildlife/camping/site/five-mile-lake,63.652682,-135.889123,https://lh3.googleusercontent.com/pw/ADCreHfVIqTkzfGiaJOTmeBswRQepxQCYESWOmJSwyQHEjcoQ-uF4ZZzaqGjLX7jKi8phTLcHZeJaKiuDle4CiQZqPqOAeykaC-WeAlh0-4_-9vY7fbkV_1-8COj37FiqY32FXbnVUVna_jiwQYDVIlvOZO4qQ=w1241-h931-s-no?authuser=0
38,Squanga Lake,The campground sits on the shore of Squanga Lake and has two floating docks. Squanga is the name of a variety of whitefish that is found here. Look for signs of the little brown bat at the bat house.,https://yukon.ca/sites/yukon.ca/files/env/env-squanga-lake-campground.pdf,https://yukon.ca/en/outdoor-recreation-and-wildlife/camping/site/squanga-lake,60.445,-133.603,https://lh3.googleusercontent.com/pw/AIL4fc-Z9NgMf-akqhIShmgGivIHOhrE5xohNo6mEwttBQ_Rjgl6IDO7w37pnoR2umJkuUm652j2KDn3urstbIMGrUrxAtv-gJS5cTjVrhr2YhCyQ6r3vZ5eW0nlQOz8s6kL2uqec3jLaKBgW6BeEgG0QagvGg=w1241-h931-s-no?authuser=0
39,Tarfu Lake,"In addition to its good paddling opportunities, Tarfu Lake is also a good place to spot mule deer and common nighthawk. Tarfu is an old military saying, meaning “Things Are Really ‘Fouled’ Up.” Check for special fishing restrictions at this lake that help protect sensitive lake trout populations.",https://yukon.ca/sites/yukon.ca/files/env/env-tarfu-lake-campground.pdf,https://yukon.ca/en/outdoor-recreation-and-wildlife/camping/site/tarfu-lake,60.063427,-133.754488,https://lh3.googleusercontent.com/pw/ADCreHfZcv4UQqdH2ortp2yC0V47QZK8cGctrv8IUcTGRigQbX5tngipaJkoyC7zHvP7vzt_XNVeYHCdoGwKSJj8GaHUJx7TAgXgpoZKznAfeiK-Ik7gEOixW1iZMkFG7FqRfiykA74szzWmIk_dHiy24avAfw=w983-h931-s-no?authuser=0
40,Dyea Flats,,https://www.skagway.org/sites/default/files/fileattachments/public_works/page/44491/dyea_flats_campground_registration_and_rules.pdf,https://www.alaska.org/detail/dyea-campground,59.497616,-135.355353,https://lh3.googleusercontent.com/pw/AP1GczMMH2ibTjuUThO5ZcOtGjr81pA-4o2VzUuZvt-YvXS6raTEcRZodiWb-ASyIL_cy97zh18qMM3LF-E2AxiaYMXZpYo712LcgPS7-ulv-ziNrkiZTkyud4WBnXJPbNdCeAgdWUMBvY_9Q_FaxCUAlKGI_A=w1705-h1279-s-no-gm?authuser=0
41,Yukon River Hike Camp,,,,60.633409,-134.923009,https://lh3.googleusercontent.com/pw/AP1GczPQIKCjefCCQki3NrCNRvdb2Aq21rZANCk6Y75zBT_9o58xXBExh9SwuFkVI6d7BaVBd9bt0TrscswmkXLa1L40Z75XZCq2nt18xk4lH75Q356WbPJV5puYLnpODtUfxhdK-5DYO2ZSe5kMNtlig3_l2g=w2200-h990-s-no-gm?authuser=0
42,Little Salmon Lake,This campground occupies a large open area right by the water on the west end of Little Salmon Lake. It’s Northern Tutchone name Chu Cho means “big water” so beware of winds and waves.,https://yukon.ca/sites/yukon.ca/files/env/env-little-salmon-lake-campground.pdf,https://yukon.ca/en/outdoor-recreation-and-wildlife/camping/site/little-salmon-lake,62.181237,-134.965644,https://lh3.googleusercontent.com/pw/AP1GczM4DlXCGTGcO5O3Ln4h9NeW7PUUjbt1vKppM2Dw6kxQpJcWzcIQ7H37zvWTaOeaAB8KIDDKrFBC3Cvuwbl2tMu796uTmL75z096Ia_MJAKTXHVPoH5FfyclyhyB_MbcyyCRnOD5CoWS4iFNWBS16Lg0TQ=w2940-h1655-s-no-gm?authuser=0
43,Fort William H. Seward,,,,59.227496,-135.444088,https://lh3.googleusercontent.com/pw/AP1GczMZk60RRQixXBgQfuXI_neBeFvsbWWIEt6j0dY-moXZPueC91pI_MQGt48p79oLFE0xNWNnxDTy_NjBUMjw7pRoa1hOSbGB6qGk-QtzF8Al1LFHOHns1j5Y8xGC_bZG9N4C6t5HTve8gCPhQOx76lbSKg=w576-h1279-s-no-gm?authuser=0
44,Lapie Canyon,A trail follows the edge of this small canyon. This is a great place for kayaking canoeing and rafting if you're up for braving the rapids. The canyon walls are home to many cliff nesting birds including ravens and the rare Yukon goldenweed blooms here,https://yukon.ca/sites/yukon.ca/files/env/env-lapie-canyon-campground.pdf,https://yukon.ca/en/outdoor-recreation-and-wildlife/camping/site/lapie-canyon,61.981,-132.605,
45,Peerless Mine Site,,,,60.091194,-134.699103,https://lh3.googleusercontent.com/pw/AP1GczNWuj4r3FdhT_uibgVBRLUP9mH7-j5F3DdbOYHcYk2IiWm7y0wSrloe1SpGJmWc-uzT97izlkWw1CmWEYm88GI3TJmAwE3NY3PlluHlYI0zF7ZMegGJuphnw89OVWwQOzIIglJu6tHz0NSMtXZqSbBHCg=w1705-h1279-s-no-gm?authuser=0
